sample_id,model,attack_type,original_text,generated_text,original_ai_prob,generated_ai_prob,fooled
0,mistralai/Mistral-7B-Instruct-v0.3,simple,"Limiting car usage can have many beneficial outcomes for the environment around us. Avoiding car usage will drastically lower greenhouse gas emissions in the atmosphere, cut pollution in big cities, and make rushhour easier for human beings.

The first thing that decreasing car usage will do is that it will lower our greenhouse gas emissions. In Source 1: ""In German Suburb, Life Goes On Without Cars"", by Elisabeth Rosenthal, Rosenthal explained that because automobiles are very necessary to middleclass families all around the world,""it is a huge impediment to current efforts to drastically reduce greenhouse gas emissions from tailpipe..."". Without cars there wouldn't be so many greenhouse gases in the atmosphere and globalwarming could be evaded much easier. According to Source 4: ""The End of Car Culture"", by Elisabeth Rosenthal, Rosenthal again shows information which states that, because recent studies suggest Americans are using fewer cars, ""President Obama's ambitious goals to curb the United states greenhouse gas emissions, unveiled last week, will get a fortuitous assist from an incipient shift in American behavior"". With less and less Americans getting licenses and buying cars, greenhouses gases will start plummeting at a faster rate than ever before.

Also, lowering the use of cars will decrease pollution in big cities which are usually surrounded by clouds of smoke. From the information in Source 2: ""Paris bans driving due to smog"", by Robert Duffer, Duffer said that because of the amount of congestion in the city of Paris, ""Paris enforced a partial driving ban to clear the air of the global city"". Paris could have easily avoided the ban on driving if they stopped using cars so much, which would in turn decrease the amount of pollution in the sky. There was a similar situation in Source 3: ""Carfree day is spinning into a big hit in Bogota"", by Andrew Selsky, where in Bogota, Colombia the government created a carfree day where no cars were used at all and people like Carlos Arturo Plaza, a businessman, said that ""It's a good opportunity to take away stress and lower air pollution,"". Another big city is lowering their amount of pollution as well just because they are using cars less.

In addition, an environment less reliant on automobiles creates easier traffic and a more relaxing road to travel upon. In Source 1, a media trainer and mother of two called Heidrun Walter, recalled that ""When I had a car I was always tense. I'm much happier this way,"". Now, more people won't have the same stress they had in the morning when they had to worry about the amount of cars on the road. In Source 4, Selsky explained that the new carfree day will be ""leaving the sreets of this capital city eerily devoid of traffic jams"". Without the everyday clutter of cars, streets will easily be more open and easier to drive upon.

Although limiting car use seems a bit distant at the moment and very hard to accomplish all around the world, with less cars there will be less greenhouse gases, pollution, and traffic on the road."," Using fewer cars can bring lots of great benefits for our planet! Less car usage means a big drop in greenhouse gas emissions, less pollution in big cities, and easier commutes during rush hour.

First off, less car usage means lower greenhouse gas emissions. As stated in Source 1: ""In German Suburb, Life Goes On Without Cars,"" by Elisabeth Rosenthal, Rosenthal points out that cars are a big obstacle in efforts to decrease greenhouse gas emissions from tailpipes. If we use fewer cars, there will be less greenhouse gases in the atmosphere, making it easier to avoid global warming. According to Source 4: ""The End of Car Culture,"" by Elisabeth Rosenthal, recent studies suggest that Americans are using fewer cars, which will help President Obama's goal to reduce the U.S.'s greenhouse gas emissions. With fewer people driving, greenhouse gas emissions will decrease faster than ever before.

Secondly, less car usage means less pollution in big cities. Source 2: ""Paris bans driving due to smog,"" by Robert Duffer, explains that Paris had to enforce a driving ban because of the heavy traffic congestion. If we used fewer cars, cities like Paris could avoid having to ban driving and reduce the amount of pollution in the air. Source 3: ""Carfree day is spinning into a big hit in Bogota,"" by Andrew Selsky, shows that in Bogota, Colombia, the government created a car-free day, and businessman Carlos Arturo Plaza said, ""It's a good opportunity to take away stress and lower air pollution."" Other cities are also seeing a decrease in pollution by using fewer cars.

Lastly, a world less dependent on cars means easier traffic and a more relaxing commute. Heidrun Walter, a media trainer and mother of two, recalled in Source 1 that when she had a car, she was always tense. Now, with fewer cars on the road, people won't have to worry about traffic as much. Source 4 explains that the new car-free day in Bogota will leave the streets ""eerily devoid of traffic jams."" Without the usual clutter of cars, driving will be easier and less stressful.

Although it may seem difficult to limit car usage right now, the benefits are worth it. Fewer cars mean less greenhouse gas emissions,",1.4965257832955103e-05,0.00013114804460201412,True
1,mistralai/Mistral-7B-Instruct-v0.3,simple,"Twenty five years ago the Viking 1 spacecraft was taking pictures of Mars, when the spacecraft got a picture of something that looked like a human face, they named it the Face. Scientist from NASA have done futher research on the Face and think that it is a mesa, but others think that the Face was created by aliens. The Face on Mars is simply, a natural landform, and was not created by aliens like some people think.

When the scientist discovered the Face they were very excited because they thought it was something special, but the feeling was short lived. The scientist figured out it was a Martian mesa, which is very common around Cydonia. To better describe the Face would be to say it is: a huge rock formation that respembles a human head. A mesa is a rock formation and rocks can look like all kinds of things, even a human head.

Pictures were taken of the Face in 1976, 1998, and 2001 the resolution on the pictures getting better as technology advances. If one simply looks at the pictures they could tell that the Face is just a rock and it was not alien-made. In 1998 the Mars Global Surveyor flew over Cydonia for the first time and took pictures that were ten times sharper than the original pictures, it was then that the scientist decided that the Face was a rock. The people were still in denial, so NASA set out to get more pictures in 2001. When the pictures came back it was clear that the Face was still just a mesa and was not made by aliens.

At this point the scientist were satisfied, the Face was just a Martian equivalent to a butte or mesa. One scientist even compared it to things on Earth. Scientist Jim Garvin said, ""It reminds me most of Middle Butte in the Snake River Plain of Idaho"". The Face is a mesa that was formed naturally just like a mesa on Earth. They both look the same and were not created by aliens.

The Face that was found on Mars in 1976, was not made by aleins and is just a mesa that was formed naturally. Multiple pictures determined that it just happened to look like a human face and upon closer examination was not alien-made. The Face has been compared to things on Earth like a butte or a mesa multiple times. This proves that the Face was not made by aliens and is a natural Martian mesa.  "," Back in 1976, the Viking 1 spacecraft snapped a pic of Mars that looked like a human face, but it's just not that simple! NASA scientists have been investigating this so-called ""Face"" ever since, and while some think it's a sign of extraterrestrial life, most agree it's just a big ol' Martian mesa.

At first, scientists were super excited about finding something mysterious on Mars, but their excitement didn't last long. After closer inspection, they realized the Face was just another common mesa in the Cydonia region. A mesa, in case you didn't know, is a big rock formation that kinda looks like a human head. It's crazy how rocks can look like all sorts of things, even a human face!

Pictures were taken of the Face in 1976, 1998, and 2001, and with each passing year, the photos got clearer as technology improved. If you take a peek at the photos, it's obvious that the Face is just a plain ol' rock and not some alien creation. In 1998, the Mars Global Surveyor flew over Cydonia for the first time and took pictures that were ten times sharper than the original ones. It was then that scientists decided once and for all that the Face was a rock, not an alien artifact.

But some people just wouldn't let it go, so NASA took more pictures in 2001. When the new photos came back, it was clear as day that the Face was still just a mesa and not made by aliens.

Scientists were finally satisfied that the Face was just a Martian version of a butte or mesa here on Earth. One scientist even compared it to Middle Butte in Idaho! The Face is just a natural mesa, like the ones we have here on Earth, and not the work of aliens.

So there you have it, folks! The Face on Mars was not made by aliens and is just a mesa that formed naturally. Multiple pictures and comparisons to Earth formations prove that the Face is not an alien creation, but a natural Martian mesa. Case closed!",1.7165964891319163e-05,0.034437455236911774,True
2,mistralai/Mistral-7B-Instruct-v0.3,simple,"I am going against the school policy change about the sports grade participate because if most students have a grade C then many students will not be in the sports or other activities as much. Therefore, there would be no point of even having those clubs if like only a couple students will be in them. Plus, the grade C is at least passing, the grades D and F are not, making a reasonable statement why F and D students should not participate. There is not a very good reason why C students should not join, it is still passing plus the fact that most students have a C. If you allow grade C and up, the club/activities will have more students to join, if you do not have the grade C students, it will not be like a club.

For example, if only 5 people join for Basketball, then there really is not any point at all to go against another school's team who has 10 people, making no point to even join the club. If you add in the C students, for example, the Basketball teams will be even and the students will actually be able to go against another team, making it 10 students against 10 students. All in all, if you add the grade C students, there will be a even enough team, plus a opportunity to get active and encourage students to follow their dreams of being , for example, a football player, a Basketball player, or even want to be in the Olympics. If you do not add the grade C students, it will be like taking away their Lifetime wish/dream, which is not a very helpful thing to do as a principal."," Hey there! I'm totally against the new school policy change about sports grades. Here's why: If most students have a C, a lot of them won't be able to join sports or other activities. That's because there's no point in having clubs if only a few students can join.

Plus, a C is at least passing, while Ds and Fs aren't. So, it doesn't make sense to keep D and F students out. But C students? They're still passing, and most students have a C. If we let C students join, the clubs will have more members, which means more fun for everyone!

For example, if only 5 students join the basketball team, then we wouldn't stand a chance against another school's team with 10 players. But if we let C students join, we'd have an even team, and we'd actually have a shot at winning!

Plus, think about it: If we don't let C students join, we're basically taking away their dreams. Maybe they want to be a football player, a basketball player, or even an Olympian! That's not cool, especially as a principal. So let's let C students join and give them a chance to chase their dreams!",2.3261920432560146e-05,0.9887245297431946,False
3,mistralai/Mistral-7B-Instruct-v0.3,simple,"The Facial Action Coding System is a very useful tool used to help tell what other peoples emotions are just by their facial expresions. Having this technology can be very helpful in the classrom. It can help define the mixed emotions of a student, how they feel of a topic they are learning, and if a student is telling the truth.

The first reason as to why this technology is useful in the classroom is defineing the mixed emotions of students. In the artical it says ""The software can even identify mixed emotions"" (paragraph 4). Being able to identify mixed emotions of a student can be helpful. Sometimes a student may be stressed and upset over something, making it hard for them to concentrate on their work. You can't just let them not work though, but knowing their feelings you may be able to take it more slow paced for them that day. The student may have felt angry and stressed before they came into class, explaining why they got so upset when they couldn't find their homework.

Another reason this would be useful in class is by defining how they feel about a topic in class. In this article it says ""A classroom computer could recognize when a student is becoming confused or bored... Then it could modify the lesson"" (paragraph 6). Having this tool say when they are confused is extraemly helpful. It lets the teacher know they may need some extra help, and the computer know to explain things in a different way. When a student becoms bored of what they are doing it becomes hard for them to concentrate, or causes them to want to rush through.

The final reason Facial Action Coding Systems should be in classrooms is because it can help tell when a student is lying. In paragraph 8 of the article it says ""Muscle clues are sometimes used to spot when a 'smiling' politcian or celebrity isn't being truthful."" This can help a teacher know when an anxious student needs help, but says they don't. Some students may be too anxious to actually speak up when they need help, causing them to lie when a teacher ask them if they do. This also comes in handy when a student has done something and no one knows who it was, like tearing down a poster or putting a tac on the teachers seat.

In conclusion, this technology would be very useful for classrooms to define a students emotions to improve work, help a confused or bored student, and spot out lairs."," The Facial Action Coding System (FACS) is an awesome tool that helps us figure out what people are feeling just by looking at their faces. This tech could really make a difference in the classroom!

Here are three reasons why:

1. Identifying mixed emotions of students: According to the article, ""The software can even identify mixed emotions"" (para 4). That's cool! Knowing what a student is feeling can help us adjust our teaching style. For instance, if a student is stressed or upset, we might slow down the pace a bit to help them focus better.

2. Understanding how students feel about a topic: As the article mentions, ""A classroom computer could recognize when a student is becoming confused or bored... Then it could modify the lesson"" (para 6). That's super helpful! If the computer tells us a student is confused, we can provide additional explanations or examples. And if a student is bored, we can make the lesson more engaging.

3. Detecting lies: In paragraph 8 of the article, it says, ""Muscle clues are sometimes used to spot when a'smiling' politician or celebrity isn't being truthful."" This can help teachers spot when an anxious student needs help but doesn't want to ask. It also helps when someone did something wrong, like tearing down a poster or pranking a teacher, and we need to find out who did it.

In short, FACS would be really helpful in the classroom because it can help us understand students' emotions, help confused or bored students, and catch lies. It could make learning more enjoyable and effective for everyone!",1.5344359781011008e-05,0.9923627376556396,False
4,mistralai/Mistral-7B-Instruct-v0.3,simple,"Dear Senator,

The Electoral College was created many, many years ago in the Constitution by our founding fathers, and now it is finally its time to retire. The Electoral College should be taken away and replaced by election by popular vote, in order to determine the president of the United States. The Electoral college should be abolished, because citizens are not correctly represented, and states are not treated fairly in this process. The United States strives to be a place of freedom and equality, but we as a country can not achieve this goals with this proccess in place.

The United States of America, is all about people protecting their rights, but how can that be if citizens are not even allowed to represent themselves with thier own votes. According to the Office of the Federal Register's article,""What is the Electoral College?,""you help choose your state's electors when you vote for President because when you vote for your candidate you are actually voting for your candidate's electors."" Which means that our votes just choose people to represent our state and vote for us. So whats the whole point of voting in the first place? Is it just to make citizens feel like they are actually choosing the president. This proccess would not be a problem if the electors actually represented us correctly. According to,""The Indefensible Electoral College:Why even the best-laid defenses of the system are wrong,"" by Bradford Plumer, ""in 2000...Al Gore... won the popular vote but lost the presidencey,"" because of the electoral college. Plumer went on to quote a Gallop poll recorded after Al Gore lost which reported,"" over 60 percent of voters would perfer a direct election to kind we have now."" Thats over half of the people voting! But the incident with Al Gore was not the only one, also according to Bradford Plumer's article,"" in 1960, segregationists in the Louisiana legislature nearly succeeded in replacing the Democratic electors with new electors who would oppose John F. Kennedy."" In other words, they were trying to cheat and make sure the out come of the vote was what they wanted. People may argue that there have only been few instances of the Electoral College making mistakes, but how many more mistakes are they going to make in the future. Will there be so many, that our entire political system becomes corrupt. The citizens of the United States should be allowed to represent themselves with their own vote, and choose their own leaders.

How can the U.S. strive for equality, if states are not treated fairly through the process of the electoral college? The Electoral College process, is a winner-takes-all system, because of this, candidates spend their time only focused on specific states. States that are most populated, or that they think will be a ""swing"" state, basically any state that has a specific insterest to them and that will help their campaign. According to,""The Indefensible Electoral College: Why even the best-laid defenses of the system are wrong,"" written by Bradford Plumer,""during the 2000 campaign, seventeen states didn't see the candidates at all."" This is a result of the faulty system, how are people suppossed to know who they want to vote for, if candidates won't even take the time to make a pitch to them? If the United States really wants equality, they need to start by having a equal state voting process.

At the end of it all, the Electoral College should be abolished because citizens are not correctly represented, and states are treated unfairly in the process. Help the United States continue to reach its goal of freedom and equality by abolishing the Electoral College.

Sincerely,

United States Citizen.    "," Dear Senator,

Hey there! I'm writing to talk about something important - the Electoral College. It's been around for a long time, but it's time for a change. We should get rid of it and switch to popular vote to choose our president.

Here's the deal: The Electoral College doesn't give citizens a fair representation. When we vote, we're actually just choosing our state's electors, not the president. It's like our votes don't even count! And sometimes, the person with the most votes can still lose the presidency, like what happened with Al Gore in 2000. That's not right!

But it's not just about fairness for individuals. The Electoral College also treats states unfairly. It's a winner-takes-all system, so candidates only focus on certain states with a lot of people or that they think will be ""swing"" states. That means that lots of people don't get to hear from the candidates at all! If we want equality, we need to make sure all states have a fair say.

So, Senator, I'm asking you to help us achieve freedom and equality by getting rid of the Electoral College. Let's let the people choose their own leaders, fairly and equally.

Sincerely,

A U.S. Citizen who wants their vote to count.",1.5382247511297464e-05,0.9999954700469971,False
